<?xml version="1.0" encoding="UTF-8"?>
<beans xmlns="http://www.springframework.org/schema/beans"
	xmlns:xsi="http://www.w3.org/2001/XMLSchema-instance"
	xsi:schemaLocation="http://www.springframework.org/schema/beans http://www.springframework.org/schema/beans/spring-beans.xsd">

	<!-- SqlSession setup for MyBatis Database Layer Spring과 Mybatis 연동 설정 -->
	<bean id="sqlSession" class="org.mybatis.spring.SqlSessionFactoryBean">
		<property name="dataSource" ref="dataSource" />
		<property name="configLocation" value="classpath:mybatis-config.xml" />
		<property name="mapperLocations" value="classpath:/mappings/*.xml" />
	</bean>
	
	<!-- SqlSessionTemplate -->
	<bean class="org.mybatis.spring.SqlSessionTemplate">
		<constructor-arg ref="sqlSession"></constructor-arg>
	</bean>
	
	<!-- MapperConfigurer setup for MyBatis Database Layer
	 with @MapperScan("boardMapper") in BoardMapper Interface -->
	<bean class="org.mybatis.spring.mapper.MapperScannerConfigurer">
		<property name="basePackage" value="com.company.**.serviceImpl" /> <!-- com.yedam으로 시작하고 impl로 끝나는 모든파일을 읽어들임 -->
	</bean>

</beans>
