<?xml version="1.0" encoding="UTF-8"?>
<!DOCTYPE mapper PUBLIC "-//mybatis.org//DTD Mapper 3.0//EN"
"http://mybatis.org/dtd/mybatis-3-mapper.dtd">

<mapper namespace="com.company.serviceImpl.ProductMapper">
	<select id="getSearchProduct" parameterType="ProductVO" resultType="ProductVO">
	
		SELECT PRODUCT_ID,
			   PRODUCT_NAME,
			   PRODUCT_PRICE,
			   PRODUCT_INFO,
			   PRODUCT_DATE,
			   COMPANY,
			   MANAGER_ID 
		FROM PRODUCT_TBL_10
			<where>
				<if test="product_id !=null and product_id !=''">
					AND PRODUCT_ID = #{product_id}
				</if>		
				<if test="product_name !=null and product_name !=''">
					AND PRODUCT_NAME=#{product_name}
				</if>
				<if test="product_price !=null and product_price !=''">
					AND PRODUCT_PRICE=#{product_price}
				</if>
				<if test="product_info !=null and product_info !=''">
					AND PRODUCT_INFO=#{product_info}
				</if>
				<if test="product_date !=null and product_date !=''">
					AND PRODUCT_DATE=#{product_date}
				</if>
				<if test="company !=null and company !=''">
					AND COMPANY=#{company}
				</if>
				<if test="manager_id !=null and manager_id !=''">
					AND MANAGER_ID=#{manager_id}
				</if>
				
			</where>	
		ORDER BY PRODUCT_ID
	</select>
	<insert id="insertProduct" parameterType="ProductVO">
	INSERT INTO PRODUCT_TBL_10
				(PRODUCT_ID,
				PRODUCT_NAME,
				PRODUCT_PRICE,
				PRODUCT_INFO,
				PRODUCT_DATE,
				COMPANY,
				MANAGER_ID
			    )
	VALUES (#{product_id},
	 		#{product_name},
		   	#{product_price},
	   	    #{product_info}, 
		   	#{product_date},
		    #{company},
		   	#{manager_id}
		   	)
	</insert>
	<select id="getProduct" parameterType="ProductVO" resultType="ProductVO">
	SELECT PRODUCT_ID,
		   PRODUCT_NAME,
		   PRODUCT_PRICE,
		   PRODUCT_INFO,
		   PRODUCT_DATE,
		   COMPANY,
		   MANAGER_ID 
	FROM PRODUCT_TBL_10
	WHERE PRODUCT_ID=#{product_id}
	</select>
	<insert id="insertSale" parameterType="SaleVO">
	INSERT INTO SALE_TBL_10
				(SALE_SEQ,
				 SALE_DATE,
				 PRODUCT_ID,
				 SALE_QTY,
				 SALE_PRICE,
				 MEMBER_ID
				)
	VALUES ((SELECT NVL(MAX(SALE_SEQ),1)+1 FROM SALE_TBL_10),
	 		#{sale_date},
		   	#{product_id},
	   	    #{sale_qty}, 
		   	#{sale_price},
		    #{member_id}
		   	)
	</insert>
</mapper> 