<?xml version="1.0" encoding="UTF-8"?>
<beans:beans xmlns="http://www.springframework.org/schema/mvc"
	xmlns:xsi="http://www.w3.org/2001/XMLSchema-instance"
	xmlns:beans="http://www.springframework.org/schema/beans"
	xmlns:context="http://www.springframework.org/schema/context"
	xmlns:aop="http://www.springframework.org/schema/aop"
	xmlns:tx="http://www.springframework.org/schema/tx"
	xsi:schemaLocation="http://www.springframework.org/schema/mvc https://www.springframework.org/schema/mvc/spring-mvc.xsd
		http://www.springframework.org/schema/beans https://www.springframework.org/schema/beans/spring-beans.xsd
		http://www.springframework.org/schema/context https://www.springframework.org/schema/context/spring-context.xsd
		http://www.springframework.org/schema/aop http://www.springframework.org/schema/aop/spring-aop-4.3.xsd
		http://www.springframework.org/schema/tx http://www.springframework.org/schema/tx/spring-tx-4.3.xsd">

	<!-- DispatcherServlet Context: defines this servlet's request-processing infrastructure -->
	
	<!-- Enables the Spring MVC @Controller programming model 
	@RequestMapping, 등등 스캔함-->
	<annotation-driven />

	<!-- 정적컨텐츠 : css, img, js 스캔 -->
	<resources mapping="/resources/**" location="/resources/" />

	<!-- Resolves views selected for rendering by @Controllers to .jsp resources in the /WEB-INF/views directory -->
	<beans:bean class="org.springframework.web.servlet.view.InternalResourceViewResolver">
		<beans:property name="prefix" value="/WEB-INF/views/" />
		<beans:property name="suffix" value=".jsp" />
	</beans:bean>
	
	<!-- @Component, @Controller, @Service, @Repsitory 스캔함  나머지는 <annotation-driven />에서 스캔함-->
	<context:component-scan base-package="com.company.temp" />
	
	<!-- @Aspect @PointCut @Before -->
	<aop:aspectj-autoproxy></aop:aspectj-autoproxy>
	
	<!-- TransactionManager bean 등록 -->
	<beans:bean id="txManager"
		class="org.springframework.jdbc.datasource.DataSourceTransactionManager">
		<beans:property name="dataSource" ref="dataSource" />
	</beans:bean>
	
	<!-- @Transactional 어노테이션 처리 -->
	<tx:annotation-driven transaction-manager="txManager" />

	<!-- TransactionManager 적용범위 = 에러가나면 롤백처리함 -->
	<tx:advice id="txAdvice" transaction-manager="txManager">
		<tx:attributes>
			<tx:method name="get*" read-only="true" />
			<tx:method name="insert*" rollback-for="Exception" />
			<tx:method name="update*" rollback-for="Exception" />
			<tx:method name="*" />
		</tx:attributes>
	</tx:advice>
	
	<!-- TransactionManager AOP 설정 -->
	<aop:config>
		<aop:pointcut id="trPointcut" expression="execution(* com.yedam..*impl.*(..))" />
		<aop:advisor pointcut-ref="trPointcut" advice-ref="txAdvice" />
	</aop:config>
	
</beans:beans>
